name,phone,address,website,website_domain,emails,email_count,email_status,profile_url
FKM Fahrschule Klaus Müller,,,https://www.fahrlehrer.zuerich,www.fahrlehrer.zuerich,,0,nicht gesucht,
BLINK Fahrschule Zürich & Oerlikon,,,https://blinkdrive.ch/fahrschule-zuerich,blinkdrive.ch,,0,nicht gesucht,
Driveup Fahrschule(Marijana Markovic),,,https://www.driveup-fahrschule.ch/,www.driveup-fahrschule.ch,,0,nicht gesucht,
Fahrschule iDrive GmbH(ALLE KATEGORIEN),,,https://www.fahrschuleidrive.ch,www.fahrschuleidrive.ch,,0,nicht gesucht,
Fahrschule Drive - In / Zürich(Alex),,,https://www.fahrschule-drivein.ch,www.fahrschule-drivein.ch,,0,nicht gesucht,
Fahrschul-Center De Cristofaro & Martin - Zürich(Peter De Cristofaro),,,https://www.fahrschul-center.ch,www.fahrschul-center.ch,,0,nicht gesucht,
Fahrschule Strickler Markus,,,https://www.fahrschule-strickler.ch,www.fahrschule-strickler.ch,,0,nicht gesucht,
Fahrschule Massimo / Zürich(Massimo Cardigliano),,,https://www.fahrschule-massimo.ch,www.fahrschule-massimo.ch,,0,nicht gesucht,
Fahrschule Region Zürich GmbH(René Bacchi),,,https://fahrschule-zuerich.ch/,fahrschule-zuerich.ch,,0,nicht gesucht,
Fahrschule GEORG(Georgios Delidimou),,,https://fahrschule-georg.ch/,fahrschule-georg.ch,,0,nicht gesucht,
